<?xml version="1.0" encoding="UTF-8" standalone="yes"?>
<addon id="plugin.video.watchnixtoons2" name="WatchNixtoons2" version="0.11.6" provider-name="WNT2">
    <requires>
        <import addon="script.module.requests"/>
        <import addon="script.module.six"/>
    </requires>
    <extension point="xbmc.python.pluginsource" library="default.py">
        <provides>video</provides>
    </extension>
    <extension point="xbmc.addon.metadata">
        <summary lang="en">WatchNixtoons2</summary>
        <description lang="en">
Watch cartoons and anime from [COLOR orange][B]www.wcofun.tv[/B][/COLOR].

Support the WatchCartoonOnline website with a PayPal donation to:
[COLOR khaki][B]wcohelp@yandex.com[/B][/COLOR]

Add-on originally by doko.
Random updates by lolage.
        </description>
        <disclaimer lang="en">The authors of this addon do not host any of the content found or have any affiliation with the content providers. This add-on only scrapes web pages.</disclaimer>
        <language>en</language>
        <platform lang="en">all</platform>
        <news>[COLOR orange][B]WatchNixtoons2[/B][/COLOR] - Cartoons &amp; Anime
[B]0.11.5:[/B]
- add wcofun.org in old domain list

[B]0.11.5:[/B]
- Remove wcofun.org domain

[B]0.11.4:[/B]
- Code clean-up and restructure
- Add Warning to user if video is a premium video
- Give an option which domain to use in settings
- Update User Agent
- Update Thumbnail Hashes

[B]0.11.3:[/B]
- Quick fix for decoding source

[B]0.11.2:[/B]
- Fix dubbed listing
- Some code cleanup
- Update Thumbnail Hashes</news>
        <assets>
            <icon>icon.png</icon>
        </assets>
    </extension>
</addon>
