<?xml version="1.0" encoding="UTF-8"?>
<addon id="repository.xenodi" name="[COLOR orchid]Xenodi[/COLOR]" version="1.0.0" provider-name="AceKiron">
    <extension point="xbmc.addon.repository" name="Xenodi">
        <dir>
            <info compressed="false">https://xenodi.github.io/zips/addons.xml</info>
            <checksum>https://xenodi.github.io/zips/addons.xml.md5</checksum>
            <datadir zip="true">https://xenodi.github.io/zips/</datadir>
        </dir>
    </extension>
    <extension point="xbmc.addon.metadata">
        <summary lang="en_GB">[COLOR orchid]Xenodi[/COLOR]</summary>
        <description lang="en_GB">DESCRIPTION OF YOUR REPO HERE</description>
        <disclaimer lang="en_GB"></disclaimer>
        <language>en</language>
        <platform>all</platform>
        <assets>
            <icon>icon.png</icon>
            <fanart>fanart.jpg</fanart>
        </assets>
    </extension>
</addon>