<?xml version="1.0" encoding="UTF-8"?>
<addon id="plugin.video.kisscartoon" name="[COLOR yellow]KissCartoon[/COLOR]" version="1.0.1" provider-name="AceKiron">
    <requires>
        <import addon="script.module.requests"/>
        <import addon="script.module.six"/>
        <import addon="script.module.beautifulsoup4"/>
    </requires>
    <extension point="xbmc.python.pluginsource" library="default.py">
        <provides>video</provides>
    </extension>
    <extension point="xbmc.addon.metadata">
        <summary lang="en_GB">[COLOR yellow]KissCartoon[/COLOR]</summary>
        <description lang="en_GB">Watch cartoons from [B]kisscartoon.online[/B].</description>
        <disclaimer lang="en_GB">The authors of this addon do not host any of the content found or have any affiliation with the content providers. This add-on only scrapes web pages.</disclaimer>
        <language>en</language>
        <platform>all</platform>
        <assets>
            <icon>icon.png</icon>
        </assets>
    </extension>
</addon>